count,13.0
mean,0.08846153846153847
std,0.06902247868703762
min,0.01
25%,0.04
50%,0.08
75%,0.1
max,0.29
