count,17.0
mean,0.2705882352941177
std,0.3799254957921897
min,0.04
25%,0.08
50%,0.11
75%,0.26
max,1.61
