count,16.0
mean,0.16
std,0.22078647301559634
min,0.03
25%,0.057499999999999996
50%,0.11499999999999999
75%,0.14750000000000002
max,0.96
