count,33.0
mean,0.21696969696969698
std,0.3133237627487425
min,0.03
25%,0.07
50%,0.11
75%,0.21
max,1.61
